fit,term,or,or_lo,or_hi,p
A_hours_x_age,Intercept,2.0076245079286235,1.710892871602532,2.3558203039681676,1.3320258224885147e-17
A_hours_x_age,C(Year)[T.2023],1.1991472169584712,1.1061169609815928,1.3000018069184784,1.0443524429234188e-05
A_hours_x_age,C(Year)[T.2024],1.3058952747968158,1.2029669118519173,1.4176304035755367,1.871036526202757e-10
A_hours_x_age,C(borough)[T.Brooklyn],1.2363183584749853,1.014593354871554,1.5064982203592157,0.035410660930856326
A_hours_x_age,C(borough)[T.Manhattan],1.0597518981879248,0.8938819159390016,1.2564009470234636,0.5039776267442391
A_hours_x_age,C(borough)[T.Queens],1.0116224434822483,0.8474133179153749,1.2076515043149136,0.8982536332452483
A_hours_x_age,C(borough)[T.Staten Island],1.0292506155452696,0.8415739051602824,1.258780510071253,0.7789432345132987
A_hours_x_age,"C(hours_band, Treatment(reference=""126-149""))[T.0]",0.23344824448735707,0.21843484757656112,0.24949353758734552,0.0
A_hours_x_age,"C(hours_band, Treatment(reference=""126-149""))[T.1-25]",0.33391591310344887,0.2801798817475267,0.3979580415562592,1.625920168963002e-34
A_hours_x_age,"C(hours_band, Treatment(reference=""126-149""))[T.26-75]",0.6722401186248106,0.4982784753022526,0.9069361802445419,0.009341207207528008
A_hours_x_age,"C(hours_band, Treatment(reference=""126-149""))[T.76-125]",0.8672138987164884,0.7614546119348565,0.9876622116925223,0.03178896807254823
A_hours_x_age,"C(hours_band, Treatment(reference=""126-149""))[T.150 (cap)]",1.193477221945667,1.1368804551633926,1.2528915180430593,9.648126573462273e-13
A_hours_x_age,C(age_group)[T.18-20],0.7741850828432795,0.7158737033923649,0.8372462064981727,1.493164971855408e-10
A_hours_x_age,C(age_group)[T.21-23],0.5775462673759808,0.527637232242115,0.6321761820001144,1.1166686611125105e-32
A_hours_x_age,"C(hours_band, Treatment(reference=""126-149""))[T.0]:C(age_group)[T.18-20]",1.0200619009316434,0.9414490310498108,1.1052391020807426,0.6273653661762537
A_hours_x_age,"C(hours_band, Treatment(reference=""126-149""))[T.1-25]:C(age_group)[T.18-20]",1.153372080626669,0.9307842055051704,1.4291896537362352,0.19212808122727143
A_hours_x_age,"C(hours_band, Treatment(reference=""126-149""))[T.26-75]:C(age_group)[T.18-20]",0.903915633204947,0.742615192939017,1.1002514892250488,0.3137877287085352
A_hours_x_age,"C(hours_band, Treatment(reference=""126-149""))[T.76-125]:C(age_group)[T.18-20]",0.9311733459143102,0.8443205185725833,1.0269604742132197,0.15345495245382745
A_hours_x_age,"C(hours_band, Treatment(reference=""126-149""))[T.150 (cap)]:C(age_group)[T.18-20]",1.14582263744836,1.043705283306696,1.257931273787864,0.0042612046701207525
A_hours_x_age,"C(hours_band, Treatment(reference=""126-149""))[T.0]:C(age_group)[T.21-23]",1.022003780432419,0.9033581347411362,1.156232159814958,0.7295734845866881
A_hours_x_age,"C(hours_band, Treatment(reference=""126-149""))[T.1-25]:C(age_group)[T.21-23]",1.3116713223270895,1.0063856255539472,1.7095650157644957,0.044743942989087314
A_hours_x_age,"C(hours_band, Treatment(reference=""126-149""))[T.26-75]:C(age_group)[T.21-23]",0.9814034480032243,0.7597358030084287,1.2677469245738997,0.8857290747539337
A_hours_x_age,"C(hours_band, Treatment(reference=""126-149""))[T.76-125]:C(age_group)[T.21-23]",1.0332661539924861,0.8730390961697166,1.222899352011239,0.7034629018934158
A_hours_x_age,"C(hours_band, Treatment(reference=""126-149""))[T.150 (cap)]:C(age_group)[T.21-23]",1.3423124807226359,1.1076613925355068,1.626672923734677,0.002673499263902002
A_hours_x_age,is_no_show,1.0446168535836748,0.9327364738744388,1.1699171216691941,0.4501203130590282
A_hours_x_age,worksite_matched,0.8873937436505687,0.815599254945635,0.9655080623175176,0.00551307251975255
B_firstchoice_x_age,Intercept,0.8513875531058211,0.09546313542294584,7.593096145145968,0.885412395812132
B_firstchoice_x_age,"C(hours_band, Treatment(reference=""126-149""))[T.0]",0.31401404629017227,0.15050526730843627,0.65515860694398,0.002022259397034285
B_firstchoice_x_age,"C(hours_band, Treatment(reference=""126-149""))[T.1-25]",0.5220445059526899,0.24793275278378105,1.099211230204258,0.08708636544695837
B_firstchoice_x_age,"C(hours_band, Treatment(reference=""126-149""))[T.26-75]",0.5812006360695706,0.38375856670485825,0.8802257686861354,0.010396201919667572
B_firstchoice_x_age,"C(hours_band, Treatment(reference=""126-149""))[T.76-125]",0.874829207675515,0.7312695544545004,1.0465718666122696,0.143678709809211
B_firstchoice_x_age,"C(hours_band, Treatment(reference=""126-149""))[T.150 (cap)]",1.0270488434286422,0.9059798266708802,1.1642967047778479,0.676637151927576
B_firstchoice_x_age,C(Year)[T.2023],0.9913967940653119,0.8257347629401827,1.19029456841964,0.9262047141216132
B_firstchoice_x_age,C(Year)[T.2024],1.0233698091485632,0.8628746454401992,1.213717162523056,0.7906867259852627
B_firstchoice_x_age,C(borough)[T.Brooklyn],1.1482066392118044,0.9029219825591575,1.4601244756422678,0.2596924613115794
B_firstchoice_x_age,C(borough)[T.Manhattan],1.0122382103152863,0.7635689358866613,1.3418908840660093,0.9326053837462498
B_firstchoice_x_age,C(borough)[T.Queens],1.001205737123708,0.7725815550175511,1.2974849341655008,0.9927305754577778
B_firstchoice_x_age,C(borough)[T.Staten Island],0.8482117671856755,0.6263244274964798,1.1487069167460984,0.28734606565506404
B_firstchoice_x_age,C(age_group)[T.18-20],0.7011900700294049,0.5032703453816402,0.9769451326105859,0.03592222436093422
B_firstchoice_x_age,C(age_group)[T.21-23],0.5347011734312989,0.3827771537987729,0.7469237440934346,0.00024166070381946122
B_firstchoice_x_age,is_no_show,1.4046845951153772,0.5119973209260569,3.853806907008042,0.509306794578101
B_firstchoice_x_age,worksite_matched,1.3847447969656967,0.1897100124825201,10.107627571318876,0.7482394591074117
B_firstchoice_x_age,expect_first_choice,1.2959096209252867,1.0540971138473278,1.593194520263108,0.01389589252185777
B_firstchoice_x_age,expect_first_choice:C(age_group)[T.18-20],0.9553032201581341,0.6519837369164158,1.3997346724639177,0.8145133126828459
B_firstchoice_x_age,expect_first_choice:C(age_group)[T.21-23],1.2121689181898276,0.8364038392365708,1.7567512453872192,0.3094660825945008
B_firstchoice_x_age,cf_paid_alternative,0.9327784853088653,0.8170617120914492,1.064883704350741,0.30314352507414366
B_firstchoice_x_age,cf_unpaid_activity,1.0728712276878838,0.9493695593772139,1.2124389915720462,0.259625996060333
B_firstchoice_x_age,cf_leisure_only,0.9053006403077019,0.7942074906346722,1.0319334166523606,0.1363870090130601
B_firstchoice_x_age,cf_no_plans,1.0544381573054418,0.8732136424042773,1.2732735422231758,0.5816895708600409
B_firstchoice_x_age,expect_app_clarity,0.9436759833419741,0.7780594298229058,1.1445454259697543,0.5560050594671568
B_firstchoice_x_age,expect_knew_what_to_expect,1.097189268212181,0.9727358747462685,1.2375654291500153,0.13105515577203114
B_firstchoice_x_age,benefit_career_clarity,1.0471459606546356,0.919333504441583,1.1927278377408417,0.4879180156072247
B_firstchoice_x_age,benefit_job_readiness,0.8466518532823817,0.7219202980567497,0.9929342097680467,0.04064176052853428
B_firstchoice_x_age,benefit_self_efficacy,1.0480793646414572,0.8773426633381246,1.2520425604378644,0.6047353941919222
B_firstchoice_x_age,benefit_mentor_relationship,1.003955606355756,0.8985371605838032,1.121741986584369,0.9443938271523866
B_firstchoice_x_age,benefit_money_management,1.043737053492345,0.8982057678447117,1.2128479640549616,0.5763442631115874
B_firstchoice_x_age,benefit_answered,2.230289733686124,1.2364974580939518,4.02280834758317,0.007690998210236169
